,Total gross rates,Rates,Ratio,Pure premium,Gross rate,Exposures,Exposures shift(),Rates shift(),"PV gross rates, year(-1)","PV annuity certain(1), year(-1)","Tax, year(-1)",Tax
2024,,0.3323827058253736,,,,,,,,,,1.7111130197651216
2025,49413324.85786937,0.3424981801564191,0.027236272277638755,22.38199833110931,23.008668696472416,2203399.0,2147596.0,0.3323827058253736,37086435.18249451,10.092152581312131,1.7111130197651216,1.9264472996077482
2026,57220380.42118916,0.34727817685838286,0.029679347636682302,25.198394325660253,25.96914150418928,2260115.0,2203399.0,0.3424981801564191,42622315.0742165,10.04122628635363,1.9264472996077482,2.172217417564849
2027,66258482.561064646,0.34953693089433163,0.03227032499975726,28.370370443463425,29.316420872860295,2317627.0,2260115.0,0.34727817685838286,49179511.47666315,10.017293097297243,2.172217417564849,2.4515132169388667
2028,76722653.08932126,0.35060428932845333,0.035023970173463016,31.944536880132965,33.10396931401009,2375855.0,2317627.0,0.34953693089433163,56851095.61134983,10.00601288835363,2.4515132169388667,2.76839277162373
2029,88839414.13140522,0.35110866209713865,0.03795758802811364,35.973274568164456,37.39260776916319,2434788.0,2375855.0,0.35060428932845333,65777529.97924943,10.000689020589064,2.76839277162373,
